<?xml version="1.0" encoding="UTF-8"?>
<root>
  <item name="com.example.nim_lib.constant.CoreEnum.ENetStatus">
    <annotation name="android.support.annotation.IntDef">
      <val name="value" val="{com.example.nim_lib.constant.CoreEnum.ENetStatus.SUCCESS_ON_NET, com.example.nim_lib.constant.CoreEnum.ENetStatus.ERROR_ON_NET, com.example.nim_lib.constant.CoreEnum.ENetStatus.SUCCESS_ON_SERVER, com.example.nim_lib.constant.CoreEnum.ENetStatus.ERROR_ON_SERVER}" />
    </annotation>
  </item>
  <item name="com.example.nim_lib.constant.CoreEnum.VoiceType">
    <annotation name="android.support.annotation.IntDef">
      <val name="value" val="{com.example.nim_lib.constant.CoreEnum.VoiceType.WAIT, com.example.nim_lib.constant.CoreEnum.VoiceType.RECEIVE, com.example.nim_lib.constant.CoreEnum.VoiceType.CALLING}" />
    </annotation>
  </item>
</root>

