<?xml version="1.0" encoding="UTF-8"?>
<root>
  <item name="com.example.nim_lib.event.EventFactory.EventNetStatus EventNetStatus(int) 0">
    <annotation name="android.support.annotation.IntDef">
      <val name="value" val="{com.example.nim_lib.constant.CoreEnum.ENetStatus.SUCCESS_ON_NET, com.example.nim_lib.constant.CoreEnum.ENetStatus.ERROR_ON_NET, com.example.nim_lib.constant.CoreEnum.ENetStatus.SUCCESS_ON_SERVER, com.example.nim_lib.constant.CoreEnum.ENetStatus.ERROR_ON_SERVER}" />
    </annotation>
  </item>
  <item name="com.example.nim_lib.event.EventFactory.EventNetStatus status">
    <annotation name="android.support.annotation.IntDef">
      <val name="value" val="{com.example.nim_lib.constant.CoreEnum.ENetStatus.SUCCESS_ON_NET, com.example.nim_lib.constant.CoreEnum.ENetStatus.ERROR_ON_NET, com.example.nim_lib.constant.CoreEnum.ENetStatus.SUCCESS_ON_SERVER, com.example.nim_lib.constant.CoreEnum.ENetStatus.ERROR_ON_SERVER}" />
    </annotation>
  </item>
</root>

